"ID diseño","Categoría","Tema","Nombre","Estado camiseta","Camiseta","Hoodie","Sudadera","Crop-top"
"1","fauna","","Agelaius phoeniceus","Publicado","img/products/fauna/nica-1.webp","img/products/fauna/variants/1-hoodie.webp","img/products/fauna/variants/1-sudadera.webp","img/products/fauna/variants/1-crop-top.webp"
"2","fauna","","Asio clamator","Publicado","img/products/fauna/nica-2.webp","img/products/fauna/variants/2-hoodie.webp","img/products/fauna/variants/2-sudadera.webp","img/products/fauna/variants/2-crop-top.webp"
"3","fauna","","Strix virgata","Publicado","img/products/fauna/nica-3.webp","img/products/fauna/variants/3-hoodie.webp","img/products/fauna/variants/3-sudadera.webp","img/products/fauna/variants/3-crop-top.webp"
"4","unica","","Bandera Nica Pride","Publicado","img/products/unica/nica-4.webp","img/products/unica/variants/4-hoodie.webp","img/products/unica/variants/4-sudadera.webp","img/products/unica/variants/4-crop-top.webp"
"5","anime","","Sasuke Uchiha Edition","Publicado","img/products/anime/anime-1.webp","img/products/anime/variants/5-hoodie.webp","img/products/anime/variants/5-sudadera.webp","img/products/anime/variants/5-crop-top.webp"
"6","anime","","Kento Nanami","Publicado","img/products/anime/anime-2.webp","img/products/anime/variants/6-hoodie.webp","img/products/anime/variants/6-sudadera.webp","img/products/anime/variants/6-crop-top.webp"
"7","anime","","Satoru Gojō","Publicado","img/products/anime/anime-3.webp","img/products/anime/variants/7-hoodie.webp","img/products/anime/variants/7-sudadera.webp","img/products/anime/variants/7-crop-top.webp"
"8","anime","","Maki Zenin","Publicado","img/products/anime/anime-4.webp","img/products/anime/variants/8-hoodie.webp","img/products/anime/variants/8-sudadera.webp","img/products/anime/variants/8-crop-top.webp"
"9","anime","","Mewtwo","Publicado","img/products/anime/anime-5.webp","img/products/anime/variants/9-hoodie.webp","img/products/anime/variants/9-sudadera.webp","img/products/anime/variants/9-crop-top.webp"
"10","anime","","Itachi Uchiha","Publicado","img/products/anime/anime-6.webp","img/products/anime/variants/10-hoodie.webp","img/products/anime/variants/10-sudadera.webp","img/products/anime/variants/10-crop-top.webp"
"11","anime","","Hellsing","Publicado","img/products/anime/anime-7.webp","img/products/anime/variants/11-hoodie.webp","img/products/anime/variants/11-sudadera.webp","img/products/anime/variants/11-crop-top.webp"
"12","anime","","Death Note","Publicado","img/products/anime/anime-8.webp","img/products/anime/variants/12-hoodie.webp","img/products/anime/variants/12-sudadera.webp","img/products/anime/variants/12-crop-top.webp"
"13","anime","","Death Note 2.1","Publicado","img/products/anime/anime-9.webp","img/products/anime/variants/13-hoodie.webp","img/products/anime/variants/13-sudadera.webp","img/products/anime/variants/13-crop-top.webp"
"14","anime","","Mob Psycho 100","Publicado","img/products/anime/anime-10.webp","img/products/anime/variants/14-hoodie.webp","img/products/anime/variants/14-sudadera.webp","img/products/anime/variants/14-crop-top.webp"
"15","urbano","motor","Trueno AE86","Publicado","img/products/urbano/motor/urbano-1.webp","img/products/urbano/motor/variants/15-hoodie.webp","img/products/urbano/motor/variants/15-sudadera.webp","img/products/urbano/motor/variants/15-crop-top.webp"
"16","urbano","streetwear","Cyber Style","Publicado","img/products/urbano/streetwear/urbano-2.webp","img/products/urbano/streetwear/variants/16-hoodie.webp","img/products/urbano/streetwear/variants/16-sudadera.webp","img/products/urbano/streetwear/variants/16-crop-top.webp"
"17","urbano","musica","Iron Maiden","Publicado","img/products/urbano/musica/urbano-3.webp","img/products/urbano/musica/variants/17-hoodie.webp","img/products/urbano/musica/variants/17-sudadera.webp","img/products/urbano/musica/variants/17-crop-top.webp"
"18","urbano","cine-terror","Ghostface","Publicado","img/products/urbano/cine-terror/urbano-4.webp","img/products/urbano/cine-terror/variants/18-hoodie.webp","img/products/urbano/cine-terror/variants/18-sudadera.webp","img/products/urbano/cine-terror/variants/18-crop-top.webp"
"19","urbano","streetwear","NFC","Publicado","img/products/urbano/streetwear/urbano-5.webp","img/products/urbano/streetwear/variants/19-hoodie.webp","img/products/urbano/streetwear/variants/19-sudadera.webp","img/products/urbano/streetwear/variants/19-crop-top.webp"
"20","games","","Hollow Knight","Publicado","img/products/games/game-1.webp","img/products/games/variants/20-hoodie.webp","img/products/games/variants/20-sudadera.webp","img/products/games/variants/20-crop-top.webp"
"21","games","","Silent Hill F","Publicado","img/products/games/game-2.webp","img/products/games/variants/21-hoodie.webp","img/products/games/variants/21-sudadera.webp","img/products/games/variants/21-crop-top.webp"
"22","games","","Kratos Edition","Publicado","img/products/games/game-3.webp","img/products/games/variants/22-hoodie.webp","img/products/games/variants/22-sudadera.webp","img/products/games/variants/22-crop-top.webp"
"23","games","","Raccoon City","Publicado","img/products/games/game-4.webp","img/products/games/variants/23-hoodie.webp","img/products/games/variants/23-sudadera.webp","img/products/games/variants/23-crop-top.webp"
"24","games","","Minecraft Nicaragua","Publicado","img/products/games/game-5.webp","img/products/games/variants/24-hoodie.webp","img/products/games/variants/24-sudadera.webp","img/products/games/variants/24-crop-top.webp"
"25","games","","Zelda Legend Nica","Publicado","img/products/games/game-6.webp","img/products/games/variants/25-hoodie.webp","img/products/games/variants/25-sudadera.webp","img/products/games/variants/25-crop-top.webp"
"26","unica","","Limited Edition 001","Publicado","img/products/unica/unica-1.webp","img/products/unica/variants/26-hoodie.webp","img/products/unica/variants/26-sudadera.webp","img/products/unica/variants/26-crop-top.webp"
"27","unica","","Limited Edition 002","Publicado","img/products/unica/unica-2.webp","img/products/unica/variants/27-hoodie.webp","img/products/unica/variants/27-sudadera.webp","img/products/unica/variants/27-crop-top.webp"
"28","unica","","Eclipse Nica","Publicado","img/products/unica/unica-3.webp","img/products/unica/variants/28-hoodie.webp","img/products/unica/variants/28-sudadera.webp","img/products/unica/variants/28-crop-top.webp"
"29","unica","","Midnight Warrior","Publicado","img/products/unica/unica-4.webp","img/products/unica/variants/29-hoodie.webp","img/products/unica/variants/29-sudadera.webp","img/products/unica/variants/29-crop-top.webp"
"30","unica","","Fire & Gold","Publicado","img/products/unica/unica-5.webp","img/products/unica/variants/30-hoodie.webp","img/products/unica/variants/30-sudadera.webp","img/products/unica/variants/30-crop-top.webp"
"31","unica","","Legendary Nica","Publicado","img/products/unica/unica-6.webp","img/products/unica/variants/31-hoodie.webp","img/products/unica/variants/31-sudadera.webp","img/products/unica/variants/31-crop-top.webp"
"32","fauna","","Eumomota superciliosa","Publicado","img/products/fauna/fauna-32.webp","img/products/fauna/variants/32-hoodie.webp","img/products/fauna/variants/32-sudadera.webp","img/products/fauna/variants/32-crop-top.webp"
"33","fauna","","Ramphastos sulfuratus","Publicado","img/products/fauna/fauna-33.webp","img/products/fauna/variants/33-hoodie.webp","img/products/fauna/variants/33-sudadera.webp","img/products/fauna/variants/33-crop-top.webp"
"34","fauna","","Amazilia cyanura","Publicado","img/products/fauna/fauna-34.webp","img/products/fauna/variants/34-hoodie.webp","img/products/fauna/variants/34-sudadera.webp","img/products/fauna/variants/34-crop-top.webp"
"35","fauna","","Trogon melanocephalus","Publicado","img/products/fauna/fauna-35.webp","img/products/fauna/variants/35-hoodie.webp","img/products/fauna/variants/35-sudadera.webp","img/products/fauna/variants/35-crop-top.webp"
"36","fauna","","Calocitta formosa","Publicado","img/products/fauna/fauna-36.webp","img/products/fauna/variants/36-hoodie.webp","img/products/fauna/variants/36-sudadera.webp","img/products/fauna/variants/36-crop-top.webp"
"37","urbano","musica","Música · diseño 1","Borrador","img/products/urbano/musica/urbano-37.webp","img/products/urbano/musica/variants/37-hoodie.webp","img/products/urbano/musica/variants/37-sudadera.webp","img/products/urbano/musica/variants/37-crop-top.webp"
"38","urbano","musica","Música · diseño 2","Borrador","img/products/urbano/musica/urbano-38.webp","img/products/urbano/musica/variants/38-hoodie.webp","img/products/urbano/musica/variants/38-sudadera.webp","img/products/urbano/musica/variants/38-crop-top.webp"
"39","urbano","motor","Motor · diseño 1","Borrador","img/products/urbano/motor/urbano-39.webp","img/products/urbano/motor/variants/39-hoodie.webp","img/products/urbano/motor/variants/39-sudadera.webp","img/products/urbano/motor/variants/39-crop-top.webp"
"40","urbano","motor","Motor · diseño 2","Borrador","img/products/urbano/motor/urbano-40.webp","img/products/urbano/motor/variants/40-hoodie.webp","img/products/urbano/motor/variants/40-sudadera.webp","img/products/urbano/motor/variants/40-crop-top.webp"
"41","urbano","cine-terror","Cine y terror · diseño 1","Borrador","img/products/urbano/cine-terror/urbano-41.webp","img/products/urbano/cine-terror/variants/41-hoodie.webp","img/products/urbano/cine-terror/variants/41-sudadera.webp","img/products/urbano/cine-terror/variants/41-crop-top.webp"
"42","urbano","cine-terror","Cine y terror · diseño 2","Borrador","img/products/urbano/cine-terror/urbano-42.webp","img/products/urbano/cine-terror/variants/42-hoodie.webp","img/products/urbano/cine-terror/variants/42-sudadera.webp","img/products/urbano/cine-terror/variants/42-crop-top.webp"
"43","urbano","streetwear","Streetwear · diseño 1","Borrador","img/products/urbano/streetwear/urbano-43.webp","img/products/urbano/streetwear/variants/43-hoodie.webp","img/products/urbano/streetwear/variants/43-sudadera.webp","img/products/urbano/streetwear/variants/43-crop-top.webp"
"44","urbano","streetwear","Streetwear · diseño 2","Borrador","img/products/urbano/streetwear/urbano-44.webp","img/products/urbano/streetwear/variants/44-hoodie.webp","img/products/urbano/streetwear/variants/44-sudadera.webp","img/products/urbano/streetwear/variants/44-crop-top.webp"
"45","urbano","arte-tipografia","Arte y tipografía · diseño 1","Borrador","img/products/urbano/arte-tipografia/urbano-45.webp","img/products/urbano/arte-tipografia/variants/45-hoodie.webp","img/products/urbano/arte-tipografia/variants/45-sudadera.webp","img/products/urbano/arte-tipografia/variants/45-crop-top.webp"
"46","urbano","arte-tipografia","Arte y tipografía · diseño 2","Borrador","img/products/urbano/arte-tipografia/urbano-46.webp","img/products/urbano/arte-tipografia/variants/46-hoodie.webp","img/products/urbano/arte-tipografia/variants/46-sudadera.webp","img/products/urbano/arte-tipografia/variants/46-crop-top.webp"
"47","urbano","deportes","Deportes · diseño 1","Borrador","img/products/urbano/deportes/urbano-47.webp","img/products/urbano/deportes/variants/47-hoodie.webp","img/products/urbano/deportes/variants/47-sudadera.webp","img/products/urbano/deportes/variants/47-crop-top.webp"
"48","urbano","deportes","Deportes · diseño 2","Borrador","img/products/urbano/deportes/urbano-48.webp","img/products/urbano/deportes/variants/48-hoodie.webp","img/products/urbano/deportes/variants/48-sudadera.webp","img/products/urbano/deportes/variants/48-crop-top.webp"
"49","urbano","musica","Música · diseño 3","Borrador","img/products/urbano/musica/urbano-49.webp","img/products/urbano/musica/variants/49-hoodie.webp","img/products/urbano/musica/variants/49-sudadera.webp","img/products/urbano/musica/variants/49-crop-top.webp"
"50","urbano","musica","Música · diseño 4","Borrador","img/products/urbano/musica/urbano-50.webp","img/products/urbano/musica/variants/50-hoodie.webp","img/products/urbano/musica/variants/50-sudadera.webp","img/products/urbano/musica/variants/50-crop-top.webp"
"51","urbano","musica","Música · diseño 5","Borrador","img/products/urbano/musica/urbano-51.webp","img/products/urbano/musica/variants/51-hoodie.webp","img/products/urbano/musica/variants/51-sudadera.webp","img/products/urbano/musica/variants/51-crop-top.webp"
"52","urbano","musica","Música · diseño 6","Borrador","img/products/urbano/musica/urbano-52.webp","img/products/urbano/musica/variants/52-hoodie.webp","img/products/urbano/musica/variants/52-sudadera.webp","img/products/urbano/musica/variants/52-crop-top.webp"
"53","urbano","musica","Música · diseño 7","Borrador","img/products/urbano/musica/urbano-53.webp","img/products/urbano/musica/variants/53-hoodie.webp","img/products/urbano/musica/variants/53-sudadera.webp","img/products/urbano/musica/variants/53-crop-top.webp"
"54","urbano","motor","Motor · diseño 3","Borrador","img/products/urbano/motor/urbano-54.webp","img/products/urbano/motor/variants/54-hoodie.webp","img/products/urbano/motor/variants/54-sudadera.webp","img/products/urbano/motor/variants/54-crop-top.webp"
"55","urbano","motor","Motor · diseño 4","Borrador","img/products/urbano/motor/urbano-55.webp","img/products/urbano/motor/variants/55-hoodie.webp","img/products/urbano/motor/variants/55-sudadera.webp","img/products/urbano/motor/variants/55-crop-top.webp"
"56","urbano","motor","Motor · diseño 5","Borrador","img/products/urbano/motor/urbano-56.webp","img/products/urbano/motor/variants/56-hoodie.webp","img/products/urbano/motor/variants/56-sudadera.webp","img/products/urbano/motor/variants/56-crop-top.webp"
"57","urbano","motor","Motor · diseño 6","Borrador","img/products/urbano/motor/urbano-57.webp","img/products/urbano/motor/variants/57-hoodie.webp","img/products/urbano/motor/variants/57-sudadera.webp","img/products/urbano/motor/variants/57-crop-top.webp"
"58","urbano","motor","Motor · diseño 7","Borrador","img/products/urbano/motor/urbano-58.webp","img/products/urbano/motor/variants/58-hoodie.webp","img/products/urbano/motor/variants/58-sudadera.webp","img/products/urbano/motor/variants/58-crop-top.webp"
"59","urbano","cine-terror","Cine y terror · diseño 3","Borrador","img/products/urbano/cine-terror/urbano-59.webp","img/products/urbano/cine-terror/variants/59-hoodie.webp","img/products/urbano/cine-terror/variants/59-sudadera.webp","img/products/urbano/cine-terror/variants/59-crop-top.webp"
"60","urbano","cine-terror","Cine y terror · diseño 4","Borrador","img/products/urbano/cine-terror/urbano-60.webp","img/products/urbano/cine-terror/variants/60-hoodie.webp","img/products/urbano/cine-terror/variants/60-sudadera.webp","img/products/urbano/cine-terror/variants/60-crop-top.webp"
"61","urbano","cine-terror","Cine y terror · diseño 5","Borrador","img/products/urbano/cine-terror/urbano-61.webp","img/products/urbano/cine-terror/variants/61-hoodie.webp","img/products/urbano/cine-terror/variants/61-sudadera.webp","img/products/urbano/cine-terror/variants/61-crop-top.webp"
"62","urbano","cine-terror","Cine y terror · diseño 6","Borrador","img/products/urbano/cine-terror/urbano-62.webp","img/products/urbano/cine-terror/variants/62-hoodie.webp","img/products/urbano/cine-terror/variants/62-sudadera.webp","img/products/urbano/cine-terror/variants/62-crop-top.webp"
"63","urbano","cine-terror","Cine y terror · diseño 7","Borrador","img/products/urbano/cine-terror/urbano-63.webp","img/products/urbano/cine-terror/variants/63-hoodie.webp","img/products/urbano/cine-terror/variants/63-sudadera.webp","img/products/urbano/cine-terror/variants/63-crop-top.webp"
"64","urbano","streetwear","Streetwear · diseño 3","Borrador","img/products/urbano/streetwear/urbano-64.webp","img/products/urbano/streetwear/variants/64-hoodie.webp","img/products/urbano/streetwear/variants/64-sudadera.webp","img/products/urbano/streetwear/variants/64-crop-top.webp"
"65","urbano","streetwear","Streetwear · diseño 4","Borrador","img/products/urbano/streetwear/urbano-65.webp","img/products/urbano/streetwear/variants/65-hoodie.webp","img/products/urbano/streetwear/variants/65-sudadera.webp","img/products/urbano/streetwear/variants/65-crop-top.webp"
"66","urbano","streetwear","Streetwear · diseño 5","Borrador","img/products/urbano/streetwear/urbano-66.webp","img/products/urbano/streetwear/variants/66-hoodie.webp","img/products/urbano/streetwear/variants/66-sudadera.webp","img/products/urbano/streetwear/variants/66-crop-top.webp"
"67","urbano","streetwear","Streetwear · diseño 6","Borrador","img/products/urbano/streetwear/urbano-67.webp","img/products/urbano/streetwear/variants/67-hoodie.webp","img/products/urbano/streetwear/variants/67-sudadera.webp","img/products/urbano/streetwear/variants/67-crop-top.webp"
"68","urbano","streetwear","Streetwear · diseño 7","Borrador","img/products/urbano/streetwear/urbano-68.webp","img/products/urbano/streetwear/variants/68-hoodie.webp","img/products/urbano/streetwear/variants/68-sudadera.webp","img/products/urbano/streetwear/variants/68-crop-top.webp"
"69","urbano","arte-tipografia","Arte y tipografía · diseño 3","Borrador","img/products/urbano/arte-tipografia/urbano-69.webp","img/products/urbano/arte-tipografia/variants/69-hoodie.webp","img/products/urbano/arte-tipografia/variants/69-sudadera.webp","img/products/urbano/arte-tipografia/variants/69-crop-top.webp"
"70","urbano","arte-tipografia","Arte y tipografía · diseño 4","Borrador","img/products/urbano/arte-tipografia/urbano-70.webp","img/products/urbano/arte-tipografia/variants/70-hoodie.webp","img/products/urbano/arte-tipografia/variants/70-sudadera.webp","img/products/urbano/arte-tipografia/variants/70-crop-top.webp"
"71","urbano","arte-tipografia","Arte y tipografía · diseño 5","Borrador","img/products/urbano/arte-tipografia/urbano-71.webp","img/products/urbano/arte-tipografia/variants/71-hoodie.webp","img/products/urbano/arte-tipografia/variants/71-sudadera.webp","img/products/urbano/arte-tipografia/variants/71-crop-top.webp"
"72","urbano","arte-tipografia","Arte y tipografía · diseño 6","Borrador","img/products/urbano/arte-tipografia/urbano-72.webp","img/products/urbano/arte-tipografia/variants/72-hoodie.webp","img/products/urbano/arte-tipografia/variants/72-sudadera.webp","img/products/urbano/arte-tipografia/variants/72-crop-top.webp"
"73","urbano","arte-tipografia","Arte y tipografía · diseño 7","Borrador","img/products/urbano/arte-tipografia/urbano-73.webp","img/products/urbano/arte-tipografia/variants/73-hoodie.webp","img/products/urbano/arte-tipografia/variants/73-sudadera.webp","img/products/urbano/arte-tipografia/variants/73-crop-top.webp"
"74","urbano","deportes","Deportes · diseño 3","Borrador","img/products/urbano/deportes/urbano-74.webp","img/products/urbano/deportes/variants/74-hoodie.webp","img/products/urbano/deportes/variants/74-sudadera.webp","img/products/urbano/deportes/variants/74-crop-top.webp"
"75","urbano","deportes","Deportes · diseño 4","Borrador","img/products/urbano/deportes/urbano-75.webp","img/products/urbano/deportes/variants/75-hoodie.webp","img/products/urbano/deportes/variants/75-sudadera.webp","img/products/urbano/deportes/variants/75-crop-top.webp"
"76","urbano","deportes","Deportes · diseño 5","Borrador","img/products/urbano/deportes/urbano-76.webp","img/products/urbano/deportes/variants/76-hoodie.webp","img/products/urbano/deportes/variants/76-sudadera.webp","img/products/urbano/deportes/variants/76-crop-top.webp"
"77","urbano","deportes","Deportes · diseño 6","Borrador","img/products/urbano/deportes/urbano-77.webp","img/products/urbano/deportes/variants/77-hoodie.webp","img/products/urbano/deportes/variants/77-sudadera.webp","img/products/urbano/deportes/variants/77-crop-top.webp"
"78","urbano","deportes","Deportes · diseño 7","Borrador","img/products/urbano/deportes/urbano-78.webp","img/products/urbano/deportes/variants/78-hoodie.webp","img/products/urbano/deportes/variants/78-sudadera.webp","img/products/urbano/deportes/variants/78-crop-top.webp"
"79","urbano","musica","Música · diseño 8","Publicado","img/products/urbano/musica/urbano-79.webp","img/products/urbano/musica/variants/79-hoodie.webp","img/products/urbano/musica/variants/79-sudadera.webp","img/products/urbano/musica/variants/79-crop-top.webp"
"80","urbano","musica","Música · diseño 9","Publicado","img/products/urbano/musica/urbano-80.webp","img/products/urbano/musica/variants/80-hoodie.webp","img/products/urbano/musica/variants/80-sudadera.webp","img/products/urbano/musica/variants/80-crop-top.webp"
"81","urbano","musica","Música · diseño 10","Publicado","img/products/urbano/musica/urbano-81.webp","img/products/urbano/musica/variants/81-hoodie.webp","img/products/urbano/musica/variants/81-sudadera.webp","img/products/urbano/musica/variants/81-crop-top.webp"
"82","urbano","musica","Música · diseño 11","Publicado","img/products/urbano/musica/urbano-82.webp","img/products/urbano/musica/variants/82-hoodie.webp","img/products/urbano/musica/variants/82-sudadera.webp","img/products/urbano/musica/variants/82-crop-top.webp"
"83","urbano","musica","Música · diseño 12","Publicado","img/products/urbano/musica/urbano-83.webp","img/products/urbano/musica/variants/83-hoodie.webp","img/products/urbano/musica/variants/83-sudadera.webp","img/products/urbano/musica/variants/83-crop-top.webp"
"84","urbano","motor","Motor · diseño 8","Publicado","img/products/urbano/motor/urbano-84.webp","img/products/urbano/motor/variants/84-hoodie.webp","img/products/urbano/motor/variants/84-sudadera.webp","img/products/urbano/motor/variants/84-crop-top.webp"
"85","urbano","motor","Motor · diseño 9","Publicado","img/products/urbano/motor/urbano-85.webp","img/products/urbano/motor/variants/85-hoodie.webp","img/products/urbano/motor/variants/85-sudadera.webp","img/products/urbano/motor/variants/85-crop-top.webp"
"86","urbano","motor","Motor · diseño 10","Publicado","img/products/urbano/motor/urbano-86.webp","img/products/urbano/motor/variants/86-hoodie.webp","img/products/urbano/motor/variants/86-sudadera.webp","img/products/urbano/motor/variants/86-crop-top.webp"
"87","urbano","motor","Motor · diseño 11","Publicado","img/products/urbano/motor/urbano-87.webp","img/products/urbano/motor/variants/87-hoodie.webp","img/products/urbano/motor/variants/87-sudadera.webp","img/products/urbano/motor/variants/87-crop-top.webp"
"88","urbano","motor","Motor · diseño 12","Publicado","img/products/urbano/motor/urbano-88.webp","img/products/urbano/motor/variants/88-hoodie.webp","img/products/urbano/motor/variants/88-sudadera.webp","img/products/urbano/motor/variants/88-crop-top.webp"
"89","urbano","cine-terror","Cine y terror · diseño 8","Publicado","img/products/urbano/cine-terror/urbano-89.webp","img/products/urbano/cine-terror/variants/89-hoodie.webp","img/products/urbano/cine-terror/variants/89-sudadera.webp","img/products/urbano/cine-terror/variants/89-crop-top.webp"
"90","urbano","cine-terror","Cine y terror · diseño 9","Publicado","img/products/urbano/cine-terror/urbano-90.webp","img/products/urbano/cine-terror/variants/90-hoodie.webp","img/products/urbano/cine-terror/variants/90-sudadera.webp","img/products/urbano/cine-terror/variants/90-crop-top.webp"
"91","urbano","cine-terror","Cine y terror · diseño 10","Publicado","img/products/urbano/cine-terror/urbano-91.webp","img/products/urbano/cine-terror/variants/91-hoodie.webp","img/products/urbano/cine-terror/variants/91-sudadera.webp","img/products/urbano/cine-terror/variants/91-crop-top.webp"
"92","urbano","cine-terror","Cine y terror · diseño 11","Publicado","img/products/urbano/cine-terror/urbano-92.webp","img/products/urbano/cine-terror/variants/92-hoodie.webp","img/products/urbano/cine-terror/variants/92-sudadera.webp","img/products/urbano/cine-terror/variants/92-crop-top.webp"
"93","urbano","cine-terror","Cine y terror · diseño 12","Publicado","img/products/urbano/cine-terror/urbano-93.webp","img/products/urbano/cine-terror/variants/93-hoodie.webp","img/products/urbano/cine-terror/variants/93-sudadera.webp","img/products/urbano/cine-terror/variants/93-crop-top.webp"
"94","urbano","streetwear","Streetwear · diseño 8","Publicado","img/products/urbano/streetwear/urbano-94.webp","img/products/urbano/streetwear/variants/94-hoodie.webp","img/products/urbano/streetwear/variants/94-sudadera.webp","img/products/urbano/streetwear/variants/94-crop-top.webp"
"95","urbano","streetwear","Streetwear · diseño 9","Publicado","img/products/urbano/streetwear/urbano-95.webp","img/products/urbano/streetwear/variants/95-hoodie.webp","img/products/urbano/streetwear/variants/95-sudadera.webp","img/products/urbano/streetwear/variants/95-crop-top.webp"
"96","urbano","streetwear","Streetwear · diseño 10","Publicado","img/products/urbano/streetwear/urbano-96.webp","img/products/urbano/streetwear/variants/96-hoodie.webp","img/products/urbano/streetwear/variants/96-sudadera.webp","img/products/urbano/streetwear/variants/96-crop-top.webp"
"97","urbano","streetwear","Streetwear · diseño 11","Publicado","img/products/urbano/streetwear/urbano-97.webp","img/products/urbano/streetwear/variants/97-hoodie.webp","img/products/urbano/streetwear/variants/97-sudadera.webp","img/products/urbano/streetwear/variants/97-crop-top.webp"
"98","urbano","streetwear","Streetwear · diseño 12","Publicado","img/products/urbano/streetwear/urbano-98.webp","img/products/urbano/streetwear/variants/98-hoodie.webp","img/products/urbano/streetwear/variants/98-sudadera.webp","img/products/urbano/streetwear/variants/98-crop-top.webp"
"99","urbano","arte-tipografia","Arte y tipografía · diseño 8","Publicado","img/products/urbano/arte-tipografia/urbano-99.webp","img/products/urbano/arte-tipografia/variants/99-hoodie.webp","img/products/urbano/arte-tipografia/variants/99-sudadera.webp","img/products/urbano/arte-tipografia/variants/99-crop-top.webp"
"100","urbano","arte-tipografia","Arte y tipografía · diseño 9","Publicado","img/products/urbano/arte-tipografia/urbano-100.webp","img/products/urbano/arte-tipografia/variants/100-hoodie.webp","img/products/urbano/arte-tipografia/variants/100-sudadera.webp","img/products/urbano/arte-tipografia/variants/100-crop-top.webp"
"101","urbano","arte-tipografia","Arte y tipografía · diseño 10","Publicado","img/products/urbano/arte-tipografia/urbano-101.webp","img/products/urbano/arte-tipografia/variants/101-hoodie.webp","img/products/urbano/arte-tipografia/variants/101-sudadera.webp","img/products/urbano/arte-tipografia/variants/101-crop-top.webp"
"102","urbano","arte-tipografia","Arte y tipografía · diseño 11","Publicado","img/products/urbano/arte-tipografia/urbano-102.webp","img/products/urbano/arte-tipografia/variants/102-hoodie.webp","img/products/urbano/arte-tipografia/variants/102-sudadera.webp","img/products/urbano/arte-tipografia/variants/102-crop-top.webp"
"103","urbano","arte-tipografia","Arte y tipografía · diseño 12","Publicado","img/products/urbano/arte-tipografia/urbano-103.webp","img/products/urbano/arte-tipografia/variants/103-hoodie.webp","img/products/urbano/arte-tipografia/variants/103-sudadera.webp","img/products/urbano/arte-tipografia/variants/103-crop-top.webp"
"104","urbano","deportes","Deportes · diseño 8","Publicado","img/products/urbano/deportes/urbano-104.webp","img/products/urbano/deportes/variants/104-hoodie.webp","img/products/urbano/deportes/variants/104-sudadera.webp","img/products/urbano/deportes/variants/104-crop-top.webp"
"105","urbano","deportes","Deportes · diseño 9","Publicado","img/products/urbano/deportes/urbano-105.webp","img/products/urbano/deportes/variants/105-hoodie.webp","img/products/urbano/deportes/variants/105-sudadera.webp","img/products/urbano/deportes/variants/105-crop-top.webp"
"106","urbano","deportes","Deportes · diseño 10","Publicado","img/products/urbano/deportes/urbano-106.webp","img/products/urbano/deportes/variants/106-hoodie.webp","img/products/urbano/deportes/variants/106-sudadera.webp","img/products/urbano/deportes/variants/106-crop-top.webp"
"107","urbano","deportes","Deportes · diseño 11","Publicado","img/products/urbano/deportes/urbano-107.webp","img/products/urbano/deportes/variants/107-hoodie.webp","img/products/urbano/deportes/variants/107-sudadera.webp","img/products/urbano/deportes/variants/107-crop-top.webp"
"108","urbano","deportes","Deportes · diseño 12","Publicado","img/products/urbano/deportes/urbano-108.webp","img/products/urbano/deportes/variants/108-hoodie.webp","img/products/urbano/deportes/variants/108-sudadera.webp","img/products/urbano/deportes/variants/108-crop-top.webp"
